ID,App
01,Tweetbot
02,Dropbox
03,Statszone
04,Overcast
05,Feedly
06,Drafts
07,Workflow
08,Ifttt
09,Reddit
10,Stack Exchange
11,Lire
12,Launch
13,Amount
14,Sky-Service
15,Three
16,Amazon
17,Paypal
18,Hsbc
19,Barclaycard
20,Tube-Map
21,Crosscountry Trains
22,National Rail
23,Google-Maps
24,Kindle
25,Remember the Milk
26,Whatsapp
27,BBC Iplayer
28,BT Sport
29,Amazon Video
30,Speedtest
31,Pluralsight
32,Amazon Music
33,Pythonista
34,Slack
35,Strava
36,Fitbit
37,Bobby
38,OneNote
39,Working Copy
40,1Password
41,Garmin Connect
42,G-Suite
